gene,p-value,R-squared,p.valor_beta0,p.valor_ControlvsPhosphorus,p.valor_Time,p.valor_TimexControl,p.valor_Time2,p.valor_Time2xControl,p.valor_Time3,p.valor_Time3xControl
Zm00001eb001140,2.78E-08,0.886381354,1.76E-08,NA,9.43E-06,NA,0.000305252,NA,NA,NA
Zm00001eb001950,2.72E-07,0.797195848,5.80E-13,NA,NA,NA,2.72E-07,NA,NA,NA
Zm00001eb002190,3.30E-06,0.793517259,4.78E-12,NA,NA,NA,1.06E-06,0.028072268,NA,NA
Zm00001eb002350,7.25E-148,1,2.80E-148,6.33E-147,6.12E-147,2.11E-145,7.58E-146,2.78E-144,5.32E-145,1.91E-143
Zm00001eb002880,7.25E-148,1,2.80E-148,6.33E-147,6.12E-147,2.11E-145,7.58E-146,2.78E-144,5.32E-145,1.91E-143
Zm00001eb003800,3.08E-148,1,1.19E-148,2.69E-147,2.60E-147,8.98E-146,3.22E-146,1.18E-144,2.26E-145,8.10E-144
Zm00001eb004530,7.25E-148,1,2.80E-148,6.33E-147,6.12E-147,2.11E-145,7.58E-146,2.78E-144,5.32E-145,1.91E-143
Zm00001eb006290,7.25E-148,1,2.80E-148,6.33E-147,6.12E-147,2.11E-145,7.58E-146,2.78E-144,5.32E-145,1.91E-143
Zm00001eb006830,2.95E-07,0.795265236,1.30E-10,NA,2.95E-07,NA,NA,NA,NA,NA
Zm00001eb007120,0.001193856,0.568859344,NA,NA,NA,NA,0.000458574,0.003066814,NA,NA
Zm00001eb007310,9.58E-08,0.867358418,2.15E-08,NA,3.01E-05,NA,0.000821013,NA,NA,NA
Zm00001eb007500,2.54E-06,0.800243673,1.08E-07,NA,0.000140729,NA,0.001791884,NA,NA,NA
Zm00001eb007840,5.57E-204,1,0.012168462,1.14E-193,NA,1.17E-194,NA,5.81E-196,NA,2.23E-197
Zm00001eb008170,2.75E-07,0.88514272,1.72E-05,NA,0.00300552,NA,0.01635592,NA,0.038505757,NA
Zm00001eb008970,3.40E-05,0.919446272,0.00586237,0.012522415,0.001923772,0.005274902,0.000840338,0.002428259,0.000731083,0.001731118
Zm00001eb009710,7.25E-148,1,2.80E-148,6.33E-147,6.12E-147,2.11E-145,7.58E-146,2.78E-144,5.32E-145,1.91E-143
Zm00001eb010370,7.70E-05,0.611186445,7.54E-12,NA,NA,NA,7.70E-05,NA,NA,NA
Zm00001eb010560,8.44E-06,0.916061353,4.50E-06,0.00123357,0.000185578,0.007601756,0.001610549,0.025129417,0.00669189,NA
Zm00001eb010840,1.44E-12,0.984854059,NA,0.006524779,NA,0.001889196,NA,0.000253771,NA,1.69E-05
Zm00001eb012560,0.000303091,0.636757469,0.001226655,NA,NA,NA,9.58E-05,0.001696608,NA,NA
Zm00001eb012750,2.66E-07,0.797669764,6.05E-12,NA,2.66E-07,NA,NA,NA,NA,NA
Zm00001eb013340,3.86E-05,0.719242033,4.18E-07,NA,0.005114246,NA,0.044320855,NA,NA,NA
Zm00001eb013670,1.19E-05,0.910917678,3.61E-06,1.59E-06,0.000120526,1.45E-05,0.002129124,6.89E-05,0.016855246,NA
Zm00001eb014490,9.81E-08,0.899966472,8.57E-10,NA,1.08E-05,NA,NA,0.036134285,0.018659017,NA
Zm00001eb015490,1.38E-07,0.86114469,2.88E-09,NA,4.28E-05,NA,0.001107264,NA,NA,NA
Zm00001eb015950,3.30E-07,0.845185717,9.41E-08,NA,0.000189403,NA,0.004714406,NA,NA,NA
Zm00001eb016200,1.70E-08,0.920948675,1.00E-05,NA,0.000749899,NA,0.007151369,NA,0.024652724,NA
Zm00001eb016410,4.72E-07,0.83809406,7.66E-09,NA,NA,NA,7.99E-05,NA,0.000807792,NA
Zm00001eb017020,7.25E-148,1,2.80E-148,6.33E-147,6.12E-147,2.11E-145,7.58E-146,2.78E-144,5.32E-145,1.91E-143
Zm00001eb017030,2.40E-07,0.887178311,4.35E-05,NA,0.001687787,NA,0.010790729,NA,0.030018708,NA
Zm00001eb017870,9.82E-06,0.854097796,0.047711853,1.16E-06,NA,1.05E-06,NA,1.62E-06,NA,2.53E-06
Zm00001eb020800,7.25E-148,1,2.80E-148,6.33E-147,6.12E-147,2.11E-145,7.58E-146,2.78E-144,5.32E-145,1.91E-143
Zm00001eb020890,1.12E-05,0.851220999,NA,NA,NA,NA,0.012466627,0.031924109,0.000934859,0.004593583
Zm00001eb021060,0.000558983,0.862747044,0.000416454,0.001665377,0.0002908,0.001336953,0.000165758,0.000974515,0.000141022,0.000882695
Zm00001eb021800,3.88E-08,0.966280729,2.86E-07,0.000494948,1.27E-05,0.003497956,0.000259682,0.013935493,0.002295126,NA
Zm00001eb025160,5.29E-07,0.835785668,8.94E-08,NA,1.72E-05,NA,0.000231961,NA,NA,NA
Zm00001eb025490,5.87E-05,0.849708563,3.79E-05,NA,3.21E-05,0.015017044,7.93E-05,0.035465935,0.000194641,NA
Zm00001eb025880,5.95E-06,0.826234873,9.18E-05,NA,0.0047471,NA,0.017520638,NA,0.034522389,NA
Zm00001eb026680,1.28E-06,0.858805027,NA,5.53E-06,NA,0.001087594,NA,0.014292828,NA,NA
Zm00001eb026690,1.26E-05,0.807723036,8.91E-06,NA,7.18E-05,NA,0.000153068,NA,0.000226302,NA
Zm00001eb029210,0.000279399,0.807037769,1.51E-05,0.000173349,0.000114474,0.00159244,0.000493631,0.00652601,NA,NA
Zm00001eb029770,7.25E-148,1,2.80E-148,6.33E-147,6.12E-147,2.11E-145,7.58E-146,2.78E-144,5.32E-145,1.91E-143
Zm00001eb029980,0.000153954,0.824679701,1.23E-05,0.000833174,8.09E-05,0.001894305,0.000304517,0.004059562,NA,NA
Zm00001eb031570,2.71E-06,0.879050926,NA,5.52E-07,NA,4.37E-07,NA,6.92E-07,NA,1.27E-06
Zm00001eb031870,1.29E-05,0.881799673,6.55E-06,0.016317544,0.002486523,0.017109756,0.021890441,0.033312451,NA,NA
Zm00001eb032420,4.57E-06,0.944656082,1.51E-06,2.67E-05,2.39E-05,0.000256404,0.000171871,0.001277376,0.000664504,0.003894718
Zm00001eb033090,7.25E-148,1,2.80E-148,6.33E-147,6.12E-147,2.11E-145,7.58E-146,2.78E-144,5.32E-145,1.91E-143
Zm00001eb033390,2.04E-06,0.743815985,5.26E-10,NA,2.04E-06,NA,NA,NA,NA,NA
Zm00001eb033540,1.62E-06,0.81109227,NA,NA,NA,NA,5.64E-07,0.030709943,NA,NA
Zm00001eb034510,0.001300012,0.798048023,NA,NA,0.024900811,0.036701794,0.005262157,0.00902496,0.00239246,0.00641524
Zm00001eb034900,8.06E-07,0.923569937,9.32E-07,NA,6.94E-05,0.008661239,0.000805432,0.017465678,NA,0.029658149
Zm00001eb035200,1.68E-06,0.887169003,NA,3.66E-06,NA,1.62E-05,NA,2.30E-05,NA,2.61E-05
Zm00001eb035340,1.05E-06,0.821039257,4.55E-14,NA,NA,NA,2.84E-07,0.00650221,NA,NA
Zm00001eb036520,7.25E-148,1,2.80E-148,6.33E-147,6.12E-147,2.11E-145,7.58E-146,2.78E-144,5.32E-145,1.91E-143
Zm00001eb037010,4.46E-08,0.879448171,1.29E-06,NA,NA,NA,3.27E-08,1.25E-07,NA,NA
Zm00001eb037280,4.18E-06,0.901063908,1.37E-06,0.002751211,9.28E-05,NA,0.000762601,0.006879944,NA,0.011059918
Zm00001eb037440,1.60E-06,0.811410573,NA,NA,NA,NA,0.002443497,NA,0.025002891,NA
Zm00001eb037570,4.13E-05,0.71688502,1.21E-05,NA,0.000509408,NA,0.003528665,NA,NA,NA
Zm00001eb038410,7.67E-08,0.870996403,8.73E-11,NA,NA,NA,2.04E-05,NA,0.000264173,NA
Zm00001eb038810,7.25E-148,1,2.80E-148,6.33E-147,6.12E-147,2.11E-145,7.58E-146,2.78E-144,5.32E-145,1.91E-143
Zm00001eb039050,7.25E-148,1,2.80E-148,6.33E-147,6.12E-147,2.11E-145,7.58E-146,2.78E-144,5.32E-145,1.91E-143
Zm00001eb040900,3.05E-06,0.795555042,1.31E-08,NA,NA,NA,0.000479964,NA,0.003895895,NA
Zm00001eb041060,7.25E-148,1,2.80E-148,6.33E-147,6.12E-147,2.11E-145,7.58E-146,2.78E-144,5.32E-145,1.91E-143
Zm00001eb041070,6.13E-07,0.832709958,4.47E-07,NA,0.001420305,NA,0.033952682,NA,NA,NA
Zm00001eb041150,1.91E-05,0.874251601,1.87E-06,0.001174184,0.000668524,0.00214996,0.005387789,0.003998953,NA,NA
Zm00001eb042520,8.66E-07,0.825341685,2.75E-07,NA,0.00187031,NA,0.0407688,NA,NA,NA
Zm00001eb042530,2.30E-06,0.802674632,1.96E-12,NA,NA,NA,5.26E-07,0.002272528,NA,NA
Zm00001eb043650,1.22E-05,0.808442256,NA,8.03E-06,NA,0.00023643,NA,0.00188749,NA,NA
Zm00001eb043660,7.25E-148,1,2.80E-148,6.33E-147,6.12E-147,2.11E-145,7.58E-146,2.78E-144,5.32E-145,1.91E-143
Zm00001eb044990,7.25E-148,1,2.80E-148,6.33E-147,6.12E-147,2.11E-145,7.58E-146,2.78E-144,5.32E-145,1.91E-143
Zm00001eb045010,9.99E-06,0.762881817,NA,NA,NA,NA,2.22E-06,0.001023115,NA,NA
Zm00001eb045780,3.78E-05,0.822314674,4.40E-05,0.000647121,NA,0.001449906,0.006971237,0.003816724,NA,NA
Zm00001eb047250,0.000180355,0.889534884,6.61E-05,0.000421631,0.000657996,0.003151726,0.003306019,0.009428068,0.009629994,0.016569611
Zm00001eb048870,6.97E-05,0.845544066,0.000259611,0.017125592,0.003869059,0.043493815,0.01801556,NA,0.041413481,NA
Zm00001eb048920,1.80E-06,0.852041288,1.18E-09,NA,NA,0.020034176,0.002015151,NA,0.030919534,NA
Zm00001eb050090,7.25E-148,1,2.80E-148,6.33E-147,6.12E-147,2.11E-145,7.58E-146,2.78E-144,5.32E-145,1.91E-143
Zm00001eb050260,0.001189738,0.755794885,0.005442363,NA,0.002763517,NA,0.001105387,0.019345872,0.000675998,0.018702994
Zm00001eb050360,7.25E-148,1,2.80E-148,6.33E-147,6.12E-147,2.11E-145,7.58E-146,2.78E-144,5.32E-145,1.91E-143
Zm00001eb050500,0.001066632,0.760126595,5.87E-05,0.003915132,0.000436261,0.019389044,0.001442,0.048264845,NA,NA
Zm00001eb051130,1.58E-07,0.858796436,1.90E-08,NA,3.60E-06,NA,4.88E-05,NA,NA,NA
Zm00001eb051250,2.63E-05,0.867696946,0.002812799,0.001728613,1.71E-05,0.000552321,2.35E-05,0.001170267,NA,NA
Zm00001eb051930,1.17E-07,0.864013002,1.16E-08,NA,0.000320657,NA,0.011617974,NA,NA,NA
Zm00001eb052020,1.76E-05,0.745494857,4.77E-06,NA,0.001234726,NA,0.012132186,NA,NA,NA
Zm00001eb052450,0.001948247,0.680760046,0.000200726,0.000316886,0.004410057,0.001885239,0.033183737,NA,NA,NA
Zm00001eb053070,1.39E-06,0.890196918,NA,0.015816179,NA,0.00977982,NA,0.004574278,NA,0.001601804
Zm00001eb053360,6.68E-05,0.846600047,0.004684365,NA,0.000961593,NA,0.001147088,0.000515969,0.001840652,0.001621624
Zm00001eb054230,5.36E-07,0.947486071,5.72E-06,0.014814213,0.000320206,0.01779729,0.003013966,0.020135017,0.013145668,NA
Zm00001eb054380,1.14E-07,0.864482778,2.70E-12,NA,NA,NA,0.00020304,NA,0.003311585,NA
Zm00001eb054900,0.000437362,0.869094488,0.000107904,0.000211731,0.001004815,0.000999831,0.004736616,0.002876197,0.01309921,0.005776651
Zm00001eb055340,7.25E-148,1,2.80E-148,6.33E-147,6.12E-147,2.11E-145,7.58E-146,2.78E-144,5.32E-145,1.91E-143
Zm00001eb056050,0.000386695,0.872160996,NA,0.005679499,0.017460757,0.008336324,0.015689331,0.012198374,0.019460623,0.017203436
Zm00001eb056460,7.25E-148,1,2.80E-148,6.33E-147,6.12E-147,2.11E-145,7.58E-146,2.78E-144,5.32E-145,1.91E-143
Zm00001eb057250,7.03E-08,0.904337112,9.60E-06,NA,0.000551941,NA,0.004991046,NA,0.019015636,NA
Zm00001eb057400,0.000146532,0.826064054,2.18E-05,0.008872801,0.000670843,0.013630313,0.002176161,0.015040687,NA,NA
Zm00001eb057540,2.14E-08,0.890033586,1.24E-08,NA,1.96E-06,NA,4.61E-05,NA,NA,NA
Zm00001eb058590,5.37E-07,0.835452548,3.83E-12,NA,1.17E-07,0.014308989,NA,NA,NA,NA
Zm00001eb064420,1.56E-05,0.843890084,0.004115585,0.000640979,0.043992008,0.002425745,NA,0.007689901,NA,NA
Zm00001eb064780,1.50E-08,0.942948453,3.89E-06,0.001310727,NA,0.012392542,5.28E-05,NA,0.000127805,NA
Zm00001eb066090,0.000695099,0.856832261,0.0006151,0.014240118,0.000155397,0.004169868,5.31E-05,0.001730667,2.91E-05,0.001016483
Zm00001eb067170,0.000180355,0.889534884,0.000695771,0.004894895,0.000141239,0.001700005,4.23E-05,0.000641526,2.17E-05,0.000353906
Zm00001eb070390,2.47E-06,0.931932307,4.54E-06,0.003002139,0.000117748,0.007849714,0.001223764,0.018567245,0.00643973,NA
Zm00001eb071760,0.000367107,0.873432602,5.07E-05,0.000340896,0.000394925,0.001688874,0.00161724,0.004677666,0.004152601,0.009244618
Zm00001eb071770,2.10E-07,0.853649153,4.98E-11,NA,NA,NA,7.44E-05,NA,0.000913021,NA
Zm00001eb071800,7.83E-06,0.89078252,7.98E-06,0.023549365,0.00134411,0.027808973,0.011231827,0.046471175,NA,NA
Zm00001eb072810,1.80E-06,0.852140576,NA,NA,2.33E-05,0.0039052,NA,NA,0.005424902,NA
Zm00001eb073250,1.42E-07,0.958019967,1.23E-07,0.000220927,2.82E-05,0.001032046,0.000557647,0.003538752,NA,0.00893575
Zm00001eb074750,7.25E-148,1,2.80E-148,6.33E-147,6.12E-147,2.11E-145,7.58E-146,2.78E-144,5.32E-145,1.91E-143
Zm00001eb076350,7.25E-148,1,2.80E-148,6.33E-147,6.12E-147,2.11E-145,7.58E-146,2.78E-144,5.32E-145,1.91E-143
Zm00001eb076680,6.30E-06,0.894465364,1.62E-06,0.002708243,4.19E-05,0.008945611,0.000240293,0.019528965,NA,NA
Zm00001eb077910,0.000293872,0.805458975,6.38E-05,0.009961245,0.000376385,0.020262774,0.001350187,0.03732768,NA,NA
Zm00001eb077950,3.68E-151,1,1.97E-143,4.46E-142,1.32E-144,4.56E-143,1.10E-145,4.04E-144,8.93E-147,3.20E-145
Zm00001eb079830,6.67E-05,0.699353517,NA,NA,NA,NA,NA,NA,1.55E-05,0.001663491
Zm00001eb080250,2.28E-206,1,NA,4.68E-196,NA,4.78E-197,NA,2.38E-198,NA,9.11E-200
Zm00001eb080840,2.52E-07,0.850291204,6.24E-11,0.006354024,2.99E-07,NA,NA,NA,NA,NA
Zm00001eb081060,9.31E-06,0.764962893,6.43E-07,NA,0.000877538,NA,0.009897359,NA,NA,NA
Zm00001eb082130,1.39E-05,0.805037293,NA,NA,0.030883683,NA,0.021409892,NA,0.02595445,NA
Zm00001eb082200,1.37E-05,0.68079294,NA,NA,NA,NA,1.37E-05,NA,NA,NA
Zm00001eb083210,2.38E-07,0.851410912,6.16E-11,NA,NA,NA,0.001710979,NA,0.026270929,NA
Zm00001eb083680,4.58E-07,0.876974048,4.06E-11,NA,NA,NA,0.001426493,0.007089423,0.037767444,NA
Zm00001eb085400,6.01E-05,0.849170806,7.54E-07,NA,NA,0.003494734,0.006148808,0.008610686,0.03331528,0.01846872
Zm00001eb085470,7.25E-148,1,2.80E-148,6.33E-147,6.12E-147,2.11E-145,7.58E-146,2.78E-144,5.32E-145,1.91E-143
Zm00001eb085650,7.25E-148,1,2.80E-148,6.33E-147,6.12E-147,2.11E-145,7.58E-146,2.78E-144,5.32E-145,1.91E-143
Zm00001eb087720,0.000157249,0.729174113,NA,NA,NA,NA,0.000490222,0.006132864,0.002662527,NA
Zm00001eb088950,4.33E-06,0.786408369,1.47E-06,NA,4.73E-05,NA,0.000404045,NA,NA,NA
Zm00001eb090330,1.32E-07,0.89593013,2.39E-05,NA,0.000979023,NA,0.007090916,NA,0.021900567,NA
Zm00001eb091060,2.37E-06,0.846519055,0.038094204,NA,NA,NA,4.21E-05,0.020741094,0.000455828,NA
Zm00001eb091360,4.41E-06,0.833090221,8.59E-05,NA,0.004661068,NA,0.017408581,NA,0.034093722,NA
Zm00001eb092540,1.19E-07,0.897303846,1.21E-05,NA,0.001040251,NA,0.00615654,NA,0.015472723,NA
Zm00001eb092770,3.35E-06,0.793177614,NA,NA,NA,NA,NA,NA,8.48E-07,4.70E-05
Zm00001eb093210,3.33E-05,0.780644345,NA,NA,NA,NA,0.000925962,0.005521457,0.008406918,NA
Zm00001eb096200,2.15E-11,0.977699531,NA,5.49E-12,NA,4.39E-12,NA,8.05E-12,NA,1.69E-11
Zm00001eb096870,4.07E-07,0.841065044,3.60E-14,NA,NA,NA,1.51E-07,0.024395938,NA,NA
Zm00001eb097580,4.97E-06,0.943786115,2.81E-06,3.43E-05,5.63E-05,0.000651952,0.000591983,0.004993152,0.003655403,0.0211906
Zm00001eb097980,4.30E-05,0.857000625,8.23E-06,0.026848404,0.000914181,0.027097887,0.00463533,NA,NA,0.047317117
Zm00001eb098070,3.27E-06,0.793789855,1.42E-06,NA,0.000808949,NA,0.012034042,NA,NA,NA
Zm00001eb098110,2.92E-05,0.728864952,NA,NA,NA,NA,1.16E-05,0.000129717,NA,NA
Zm00001eb098710,6.93E-05,0.757729516,NA,NA,NA,NA,0.000222606,NA,0.000413847,0.013532211
Zm00001eb099430,1.54E-06,0.812356794,NA,NA,NA,NA,3.63E-07,8.36E-05,NA,NA
Zm00001eb099790,7.25E-148,1,2.80E-148,6.33E-147,6.12E-147,2.11E-145,7.58E-146,2.78E-144,5.32E-145,1.91E-143
Zm00001eb099800,0.000223395,0.852120236,0.000107564,0.00404839,0.001262789,0.015567817,0.008388818,0.036516016,0.030336612,NA
Zm00001eb100140,8.44E-07,0.825896287,5.42E-10,NA,NA,NA,0.002979199,NA,0.034711248,NA
Zm00001eb100930,7.25E-148,1,2.80E-148,6.33E-147,6.12E-147,2.11E-145,7.58E-146,2.78E-144,5.32E-145,1.91E-143
Zm00001eb101350,9.10E-06,0.888160049,3.90E-06,0.004304176,3.05E-05,0.012355369,0.000140997,0.027157831,NA,NA
Zm00001eb101660,3.98E-06,0.788625778,2.30E-09,0.001368855,NA,NA,1.43E-05,NA,NA,NA
Zm00001eb101710,3.11E-06,0.876590977,9.63E-08,NA,0.001533465,NA,0.040514721,0.017968344,NA,0.045377352
Zm00001eb101900,4.13E-05,0.889700745,NA,0.015915529,NA,0.003894708,0.027334476,0.000917465,0.005319524,0.00027682
Zm00001eb102100,7.25E-148,1,2.80E-148,6.33E-147,6.12E-147,2.11E-145,7.58E-146,2.78E-144,5.32E-145,1.91E-143
Zm00001eb102370,0.000333181,0.875768787,0.02586287,0.028256862,0.009720748,0.012985922,0.003304312,0.00595248,0.001941275,0.003273744
Zm00001eb102410,7.25E-148,1,2.80E-148,6.33E-147,6.12E-147,2.11E-145,7.58E-146,2.78E-144,5.32E-145,1.91E-143
Zm00001eb103040,5.54E-05,0.851091156,2.37E-06,0.000169727,3.09E-05,0.000737707,0.000139149,0.002035065,NA,NA
Zm00001eb105580,1.53E-05,0.750018001,6.68E-06,NA,0.000343136,NA,0.002975303,NA,NA,NA
Zm00001eb105610,0.009027268,0.596399327,0.000385569,0.0025129,0.001164332,0.002445635,0.003875278,NA,NA,NA
Zm00001eb106430,3.22E-08,0.841744196,4.90E-12,NA,3.22E-08,NA,NA,NA,NA,NA
Zm00001eb106810,1.87E-06,0.912777683,1.66E-07,0.020688364,NA,0.015674641,0.000497797,0.023959467,0.002568002,NA
Zm00001eb107080,1.20E-06,0.918653558,8.90E-07,0.003079816,0.00058436,0.005206814,0.009528815,NA,NA,0.021369519
Zm00001eb109410,7.25E-148,1,2.80E-148,6.33E-147,6.12E-147,2.11E-145,7.58E-146,2.78E-144,5.32E-145,1.91E-143
Zm00001eb110130,1.96E-05,0.903013054,0.022833925,NA,0.003726135,0.022129187,0.000645048,0.00560876,0.000365101,0.004296562
Zm00001eb110200,7.25E-148,1,2.80E-148,6.33E-147,6.12E-147,2.11E-145,7.58E-146,2.78E-144,5.32E-145,1.91E-143
Zm00001eb111980,5.84E-07,0.833740736,1.65E-07,NA,0.000409427,NA,0.009349419,NA,NA,NA
Zm00001eb112060,7.25E-148,1,2.80E-148,6.33E-147,6.12E-147,2.11E-145,7.58E-146,2.78E-144,5.32E-145,1.91E-143
Zm00001eb112180,1.16E-06,0.818873899,7.41E-08,NA,1.94E-05,NA,0.000206801,NA,NA,NA
Zm00001eb112260,1.32E-07,0.813547815,1.55E-13,NA,1.32E-07,NA,NA,NA,NA,NA
Zm00001eb112490,1.21E-06,0.918501475,0.000299379,0.000800962,NA,0.00067269,3.87E-05,NA,7.30E-06,9.56E-05
Zm00001eb114170,6.15E-08,0.948823971,6.25E-08,0.003038914,2.75E-06,0.007449143,1.99E-05,0.014104673,NA,NA
Zm00001eb114580,4.24E-06,0.945402299,1.49E-06,1.52E-05,2.16E-05,0.000197538,0.000160422,0.000925216,0.000660314,0.002262515
Zm00001eb115670,7.25E-148,1,2.80E-148,6.33E-147,6.12E-147,2.11E-145,7.58E-146,2.78E-144,5.32E-145,1.91E-143
Zm00001eb117260,8.00E-06,0.81912732,0.00015157,NA,0.003754629,NA,0.013936959,NA,0.028330748,NA
Zm00001eb117490,1.52E-05,0.878671775,9.23E-07,5.29E-06,8.72E-06,7.80E-05,4.66E-05,0.000485699,NA,NA
Zm00001eb118770,7.25E-148,1,2.80E-148,6.33E-147,6.12E-147,2.11E-145,7.58E-146,2.78E-144,5.32E-145,1.91E-143
Zm00001eb120590,7.25E-148,1,2.80E-148,6.33E-147,6.12E-147,2.11E-145,7.58E-146,2.78E-144,5.32E-145,1.91E-143
Zm00001eb121000,3.50E-07,0.8813253,2.96E-08,NA,0.000927032,0.025491408,0.048044184,NA,NA,NA
Zm00001eb122500,2.99E-06,0.929693983,6.63E-05,0.001275784,0.00648424,0.000850393,0.021103077,0.000842407,NA,0.000879822
Zm00001eb123240,4.07E-08,0.880826096,8.50E-12,NA,NA,NA,0.000636479,NA,0.014573575,NA
Zm00001eb123560,4.09E-06,0.925816513,4.55E-06,4.89E-05,0.000179611,0.000229371,0.003280002,0.000683825,0.024907719,NA
Zm00001eb124380,0.000519607,0.786661396,0.009493161,NA,0.001614427,0.032481194,0.002342539,0.046816629,0.004764615,NA
Zm00001eb125120,0.000101322,0.744897471,NA,NA,NA,NA,0.006152049,0.02805071,0.046134636,NA
Zm00001eb125470,2.58E-06,0.736785918,1.38E-10,NA,2.58E-06,NA,NA,NA,NA,NA
Zm00001eb127040,2.59E-06,0.79972686,2.23E-11,NA,NA,NA,6.51E-07,0.005897008,NA,NA
Zm00001eb127150,6.93E-07,0.773911709,3.61E-11,NA,6.93E-07,NA,NA,NA,NA,NA
Zm00001eb127500,4.01E-05,0.916896869,4.56E-05,0.000803493,1.51E-05,0.000444249,6.27E-06,0.000225053,4.16E-06,0.000158098
Zm00001eb127560,7.25E-148,1,2.80E-148,6.33E-147,6.12E-147,2.11E-145,7.58E-146,2.78E-144,5.32E-145,1.91E-143
Zm00001eb128920,3.00E-09,0.913986059,1.25E-10,NA,5.69E-07,NA,NA,NA,0.000600088,NA
Zm00001eb129330,3.17E-06,0.794547987,8.63E-07,NA,0.001269073,NA,0.019586497,NA,NA,NA
Zm00001eb129600,3.47E-05,0.861764996,9.91E-08,0.000523317,NA,NA,0.000171379,0.0004268,0.000582215,0.000578845
Zm00001eb130500,7.25E-148,1,2.80E-148,6.33E-147,6.12E-147,2.11E-145,7.58E-146,2.78E-144,5.32E-145,1.91E-143
Zm00001eb132990,0.001028578,0.761548834,4.63E-05,0.00235762,0.000194182,0.003939111,0.000499221,0.007022559,NA,NA
Zm00001eb133300,2.65E-05,0.73218968,NA,NA,NA,NA,NA,NA,1.01E-05,7.49E-05
Zm00001eb133680,7.25E-148,1,2.80E-148,6.33E-147,6.12E-147,2.11E-145,7.58E-146,2.78E-144,5.32E-145,1.91E-143
Zm00001eb133820,2.01E-06,0.805929117,NA,NA,NA,NA,NA,0.011287476,NA,0.000808457
Zm00001eb134090,2.58E-05,0.868142367,2.71E-06,0.003384984,0.000187443,0.009292776,0.001142752,0.020013298,NA,NA
Zm00001eb135090,7.31E-05,0.755983815,NA,NA,0.002296541,4.88E-05,0.010589599,NA,NA,NA
Zm00001eb135680,8.25E-06,0.857772518,4.55E-06,NA,4.86E-05,0.000343896,0.000169315,0.001748109,NA,NA
Zm00001eb135770,2.45E-06,0.845858158,NA,NA,NA,NA,0.001659541,1.67E-05,0.029026824,NA
Zm00001eb136100,1.51E-05,0.907304922,5.13E-06,1.05E-06,5.84E-05,8.90E-07,0.000580839,NA,0.005294875,1.04E-06
Zm00001eb136270,0.001355687,0.750505051,5.87E-05,0.001494611,0.00023691,0.005988534,0.000712289,0.015499619,NA,NA
Zm00001eb136840,3.29E-06,0.793659881,1.57E-08,NA,NA,NA,0.000473329,NA,0.003772879,NA
Zm00001eb137260,7.25E-148,1,2.80E-148,6.33E-147,6.12E-147,2.11E-145,7.58E-146,2.78E-144,5.32E-145,1.91E-143
Zm00001eb137370,5.07E-08,0.877506437,0.027293926,NA,NA,NA,NA,5.88E-05,NA,3.62E-06
Zm00001eb137740,5.83E-06,0.778346642,2.70E-07,NA,0.000656535,NA,0.008173278,NA,NA,NA
Zm00001eb137780,3.83E-09,0.966738038,1.75E-09,NA,6.08E-07,0.000310001,NA,0.000945974,0.00011521,0.00196986
Zm00001eb138250,2.25E-07,0.852399303,2.70E-08,NA,3.18E-05,NA,NA,NA,0.009661961,NA
Zm00001eb138740,0.000639271,0.779353567,8.93E-05,5.73E-05,0.000520985,7.45E-05,0.00183044,0.000174579,NA,NA
Zm00001eb138870,2.79E-05,0.922413793,0.000564501,0.001508474,0.000115748,0.000444173,3.68E-05,0.000142386,2.17E-05,6.61E-05
Zm00001eb139570,6.89E-07,0.925424964,0.001065406,0.000205628,0.005821721,0.001260987,NA,0.004436134,NA,0.011126751
Zm00001eb140540,2.51E-08,0.916694631,5.82E-06,NA,0.001091025,NA,0.00706816,NA,0.017168316,NA
Zm00001eb141040,0.000368088,0.627827735,NA,NA,NA,NA,0.000102904,0.003183909,NA,NA
Zm00001eb141260,2.70E-05,0.867212169,4.70E-06,0.001359131,5.27E-05,0.005116899,0.000278374,0.013818687,NA,NA
Zm00001eb142340,0.001340634,0.698267796,NA,NA,NA,NA,0.003718004,0.000631841,0.005932382,0.000743802
Zm00001eb142930,7.25E-148,1,2.80E-148,6.33E-147,6.12E-147,2.11E-145,7.58E-146,2.78E-144,5.32E-145,1.91E-143
Zm00001eb143320,3.03E-05,0.864698263,2.65E-07,0.006884788,NA,0.009857399,0.001615391,0.022569205,0.007736876,NA
Zm00001eb143610,7.25E-148,1,2.80E-148,6.33E-147,6.12E-147,2.11E-145,7.58E-146,2.78E-144,5.32E-145,1.91E-143
Zm00001eb146370,5.19E-06,0.82939204,NA,NA,0.01220614,NA,0.00899793,NA,0.012114742,NA
Zm00001eb146390,0.000107331,0.834526732,5.29E-06,0.000106806,5.54E-05,0.001055631,0.000291917,0.005133264,NA,NA
Zm00001eb147750,7.48E-07,0.828508583,4.94E-12,NA,2.45E-07,NA,NA,0.019727562,NA,NA
Zm00001eb149070,0.000478847,0.789470412,1.85E-05,0.000645866,8.53E-05,0.002991437,0.000270413,0.008420216,NA,NA
Zm00001eb149340,4.02E-07,0.931455244,1.56E-07,0.007327712,8.14E-06,NA,4.38E-05,0.00595355,NA,0.006577855
Zm00001eb149810,6.24E-06,0.941352693,0.007068365,0.045221351,0.00155772,0.01846768,0.000357308,0.006712177,0.000196324,0.003969168
Zm00001eb150500,1.13E-06,0.760696762,4.93E-13,NA,NA,NA,1.13E-06,NA,NA,NA
Zm00001eb151160,3.41E-06,0.792693977,1.72E-06,NA,0.000900493,NA,0.013352042,NA,NA,NA
Zm00001eb151740,3.56E-07,0.881056912,6.27E-05,NA,0.003806521,NA,0.019658578,NA,0.04452057,NA
Zm00001eb152430,1.07E-06,0.762131158,4.61E-12,NA,1.07E-06,NA,NA,NA,NA,NA
Zm00001eb152660,7.07E-08,0.826579836,9.46E-13,NA,7.07E-08,NA,NA,NA,NA,NA
Zm00001eb152840,1.08E-08,0.898983716,6.53E-09,NA,9.38E-06,NA,0.000427544,NA,NA,NA
Zm00001eb153170,2.49E-05,0.734273537,NA,NA,NA,NA,NA,NA,7.97E-06,0.000110617
Zm00001eb153190,1.45E-09,0.921455725,1.66E-11,NA,NA,NA,3.47E-06,NA,9.97E-05,NA
Zm00001eb154270,0.000128441,0.829700164,2.56E-06,2.30E-05,7.90E-06,0.000109016,1.59E-05,0.000274912,NA,NA
Zm00001eb154620,9.24E-08,0.925822829,NA,NA,NA,NA,0.002049865,0.02373798,5.23E-05,0.001651373
Zm00001eb155620,3.71E-05,0.918103448,1.05E-05,0.000271668,0.000128897,0.002852715,0.000800747,0.011645439,0.00279581,0.027689373
Zm00001eb156690,0.000182234,0.857295802,4.92E-05,0.010630728,0.0009196,0.027019759,0.003786489,0.049335917,0.009306246,NA
Zm00001eb157640,1.03E-06,0.821475323,1.36E-07,NA,0.001026018,NA,0.021189095,NA,NA,NA
Zm00001eb157810,4.65E-07,0.838410584,NA,NA,NA,NA,1.04E-07,4.82E-05,NA,NA
Zm00001eb157830,4.84E-08,0.932439114,6.39E-07,0.001389312,5.50E-05,NA,0.000524002,NA,0.002285828,NA
Zm00001eb158340,0.000180355,0.889534884,0.000695771,0.004894895,0.000141239,0.001700005,4.23E-05,0.000641526,2.17E-05,0.000353906
Zm00001eb158480,9.71E-06,0.936301952,3.31E-06,0.000193511,4.63E-05,0.002109565,0.00032438,0.009001878,0.001256672,0.022133794
Zm00001eb159140,5.02E-07,0.929016155,9.62E-07,0.015184462,1.99E-05,0.02647871,0.000112433,0.038565094,NA,NA
Zm00001eb159180,6.71E-06,0.774384642,5.62E-06,NA,0.001122269,NA,0.01410895,NA,NA,NA
Zm00001eb161860,4.83E-08,0.878254324,1.61E-08,NA,2.59E-05,NA,0.000863639,NA,NA,NA
Zm00001eb162180,1.12E-06,0.819667996,6.60E-08,NA,0.000272029,NA,0.004902525,NA,NA,NA
Zm00001eb162400,0.000110018,0.833870598,7.20E-07,NA,NA,0.048118143,0.010234037,0.034482995,0.038922032,0.035613449
Zm00001eb162640,5.35E-145,1,6.84E-144,1.54E-142,7.64E-145,2.64E-143,1.66E-145,6.08E-144,7.33E-146,2.63E-144
Zm00001eb163360,2.31E-07,0.968120805,1.13E-07,1.96E-06,2.37E-06,4.79E-05,2.79E-05,0.000447924,0.000194224,0.002262515
Zm00001eb164060,7.02E-145,1,1.53E-145,3.46E-144,7.63E-146,2.63E-144,3.80E-146,1.39E-144,2.61E-146,9.34E-145
Zm00001eb164730,0.000140111,0.863695077,0.017083074,NA,0.000320743,0.011796583,0.000318416,0.023203221,0.000576501,0.040205397
Zm00001eb164870,0.000399177,0.871377143,0.002616373,0.017989528,0.002231403,0.01621139,0.001261345,0.012995334,0.001131522,0.011539092
Zm00001eb164960,1.16E-07,0.864179103,NA,NA,NA,NA,2.43E-08,5.83E-05,NA,NA
Zm00001eb165750,1.33E-05,0.84745315,NA,0.000689836,NA,0.005957469,NA,0.015179212,NA,0.025185401
Zm00001eb165900,1.03E-08,0.899669897,4.03E-13,NA,2.68E-09,NA,NA,0.000510424,NA,NA
Zm00001eb166320,1.32E-05,0.754581187,NA,NA,NA,NA,NA,NA,5.73E-06,3.07E-05
Zm00001eb166340,6.94E-08,0.872588768,NA,NA,2.87E-06,3.87E-08,NA,NA,NA,NA
Zm00001eb167100,0.000118689,0.897990755,0.022886715,0.048315195,0.008021814,0.024386414,0.003537038,0.012703139,0.002979368,0.009274374
Zm00001eb167510,1.07E-05,0.912627418,0.004351956,NA,0.000374463,0.003784359,0.000930209,0.004903502,0.001940603,0.005419764
Zm00001eb167980,3.08E-148,1,1.19E-148,2.69E-147,2.60E-147,8.98E-146,3.22E-146,1.18E-144,2.26E-145,8.10E-144
Zm00001eb168050,4.88E-05,0.886496539,1.44E-05,0.000440134,0.000244726,0.00146846,0.002192825,0.003484718,0.010811976,NA
Zm00001eb168100,2.59E-08,0.845740685,2.88E-13,NA,2.59E-08,NA,NA,NA,NA,NA
Zm00001eb168120,1.18E-06,0.818493764,1.79E-07,NA,6.17E-05,NA,NA,NA,0.00873069,NA
Zm00001eb169010,6.25E-05,0.761097385,NA,5.23E-05,NA,0.001077686,NA,0.007606274,NA,NA
Zm00001eb169090,7.25E-148,1,2.80E-148,6.33E-147,6.12E-147,2.11E-145,7.58E-146,2.78E-144,5.32E-145,1.91E-143
Zm00001eb169200,4.38E-05,0.915513834,0.000223763,0.007549275,0.001870749,0.013473875,0.007974061,0.023323418,0.020363073,0.035816146
Zm00001eb169370,1.01E-07,0.944729936,1.44E-08,NA,NA,0.004877965,0.000123239,0.018375733,0.001038671,0.040104746
Zm00001eb169840,7.25E-148,1,2.80E-148,6.33E-147,6.12E-147,2.11E-145,7.58E-146,2.78E-144,5.32E-145,1.91E-143
Zm00001eb172020,3.73E-09,0.977256972,2.20E-07,0.028585465,1.29E-05,0.022088526,0.000144506,0.017321634,NA,0.015395472
Zm00001eb172600,0.000248178,0.849369244,NA,0.047132824,NA,0.024908688,0.0128866,0.019202652,0.040958095,0.01992937
Zm00001eb175410,7.25E-148,1,2.80E-148,6.33E-147,6.12E-147,2.11E-145,7.58E-146,2.78E-144,5.32E-145,1.91E-143
Zm00001eb175540,3.26E-05,0.725158715,1.07E-05,NA,0.000247811,NA,0.001609874,NA,NA,NA
Zm00001eb176280,3.82E-07,0.84230477,NA,NA,NA,NA,NA,0.001269085,NA,7.66E-05
Zm00001eb176730,1.01E-08,0.899930208,5.47E-10,NA,8.27E-06,NA,NA,NA,0.011601987,NA
Zm00001eb177200,3.76E-05,0.822447132,NA,NA,NA,NA,0.006542429,0.035588149,0.000723916,0.006250955
Zm00001eb179640,1.10E-06,0.957494407,3.55E-07,1.31E-05,5.62E-06,0.000345408,4.64E-05,0.003188527,0.000211449,0.013591419
Zm00001eb179680,3.05E-07,0.846710621,1.99E-10,0.001929323,NA,NA,4.76E-07,NA,NA,NA
Zm00001eb180180,1.29E-07,0.862291133,1.68E-07,NA,9.33E-05,NA,0.002825527,NA,NA,NA
Zm00001eb180910,0.000180355,0.889534884,0.000695771,0.004894895,0.000141239,0.001700005,4.23E-05,0.000641526,2.17E-05,0.000353906
Zm00001eb182020,0.000109015,0.834113822,1.81E-06,0.016743051,NA,0.015288462,0.006308298,0.020814718,0.021403362,NA
Zm00001eb182620,5.82E-05,0.849927971,9.96E-07,1.46E-05,2.33E-05,NA,0.000102051,0.000708469,NA,0.002466442
Zm00001eb182960,3.12E-07,0.966312057,4.29E-08,1.31E-06,4.72E-07,2.33E-05,2.74E-06,0.000154137,9.65E-06,0.000548453
Zm00001eb184310,2.40E-06,0.801592081,2.63E-07,NA,6.22E-05,NA,0.000686409,NA,NA,NA
Zm00001eb184610,5.58E-06,0.896453209,2.43E-06,NA,0.000110107,0.014545635,NA,0.027086915,0.004980654,0.047758095
Zm00001eb185980,1.70E-06,0.853173309,NA,NA,NA,NA,4.93E-05,0.009272421,0.000624714,NA
Zm00001eb187150,7.33E-07,0.868949909,3.03E-05,NA,0.001059481,NA,0.006507849,NA,0.019537782,NA
Zm00001eb187280,2.92E-09,0.914270191,NA,NA,NA,1.68E-09,NA,NA,NA,1.34E-07
Zm00001eb187430,1.47E-05,0.845245574,NA,NA,0.011639481,0.000213348,0.014771609,0.006738277,NA,NA
Zm00001eb187610,4.86E-05,0.815612578,NA,NA,NA,0.002555127,0.016629853,0.046126461,0.031538593,NA
Zm00001eb187860,7.25E-148,1,2.80E-148,6.33E-147,6.12E-147,2.11E-145,7.58E-146,2.78E-144,5.32E-145,1.91E-143
Zm00001eb188030,4.24E-07,0.840256019,NA,4.91E-07,NA,0.001772523,NA,NA,NA,NA
Zm00001eb188070,8.11E-11,0.961322172,1.84E-14,NA,NA,3.86E-09,NA,1.09E-06,NA,2.47E-05
Zm00001eb188120,3.30E-06,0.904661752,1.19E-07,0.007754683,5.31E-05,0.012642714,NA,0.016302778,NA,0.021751304
Zm00001eb188240,1.78E-08,0.89251221,1.12E-06,NA,NA,8.51E-09,1.33E-06,NA,NA,NA
Zm00001eb188340,3.91E-05,0.718762652,0.009125459,NA,NA,NA,1.19E-05,0.000355706,NA,NA
Zm00001eb188610,2.43E-08,0.955699501,3.31E-08,3.17E-07,3.40E-06,4.97E-05,3.69E-05,0.000580131,NA,NA
Zm00001eb188750,1.73E-10,0.914083394,1.28E-12,1.73E-10,NA,NA,NA,NA,NA,NA
Zm00001eb188990,3.64E-07,0.843264189,2.38E-11,9.26E-08,NA,NA,NA,NA,0.024572976,NA
Zm00001eb189170,1.09E-06,0.820145268,0.0019055,NA,3.39E-05,5.69E-07,NA,NA,NA,NA
Zm00001eb189200,2.69E-07,0.849086904,NA,NA,1.11E-05,1.38E-07,NA,NA,NA,NA
Zm00001eb189350,3.83E-08,0.977099452,0.003458301,0.009323047,0.000445094,0.002776425,0.001090164,0.00633686,0.002582037,0.012783708
Zm00001eb189440,6.03E-07,0.833069797,NA,NA,NA,NA,2.00E-07,NA,NA,3.59E-06
Zm00001eb189820,2.67E-08,0.937980529,NA,0.004743764,NA,0.001143224,NA,0.002328872,NA,0.003806364
Zm00001eb189890,5.62E-06,0.779341431,2.05E-10,5.96E-05,1.76E-05,NA,NA,NA,NA,NA
Zm00001eb189900,1.07E-05,0.81191624,1.16E-10,NA,NA,1.06E-05,NA,0.000188498,NA,0.00098186
Zm00001eb189910,6.37E-11,0.973948391,0.008645781,NA,4.43E-06,3.05E-09,4.63E-06,7.41E-07,NA,NA
Zm00001eb190010,7.25E-148,1,2.80E-148,6.33E-147,6.12E-147,2.11E-145,7.58E-146,2.78E-144,5.32E-145,1.91E-143
Zm00001eb190090,6.39E-08,0.873911657,NA,2.71E-08,NA,2.08E-05,NA,NA,NA,NA
Zm00001eb190110,3.59E-08,0.839715843,3.79E-13,NA,3.59E-08,NA,NA,NA,NA,NA
Zm00001eb190120,5.84E-06,0.921172154,3.93E-07,8.03E-06,2.94E-05,5.32E-05,0.000365156,0.000221617,0.002262373,NA
Zm00001eb190240,6.05E-10,0.983229452,NA,NA,0.013720633,1.71E-06,0.0199315,0.000304309,0.03472881,0.003750855
Zm00001eb190350,1.45E-09,0.959227624,NA,NA,7.93E-06,2.61E-05,NA,0.037258524,0.003443484,NA
Zm00001eb190570,7.25E-148,1,2.80E-148,6.33E-147,6.12E-147,2.11E-145,7.58E-146,2.78E-144,5.32E-145,1.91E-143
Zm00001eb191140,1.63E-10,0.940216593,NA,NA,4.02E-09,1.50E-10,NA,NA,NA,NA
Zm00001eb191260,2.08E-07,0.91663017,NA,NA,NA,NA,6.78E-06,3.43E-05,4.78E-05,0.00061357
Zm00001eb191310,1.28E-08,0.981259749,5.90E-08,1.05E-06,4.20E-06,8.05E-05,0.00010907,0.001425936,0.001182337,0.009542242
Zm00001eb191420,2.04E-05,0.83762036,6.74E-09,6.09E-05,0.008530996,0.003503648,NA,0.011114952,NA,NA
Zm00001eb191600,7.25E-148,1,2.80E-148,6.33E-147,6.12E-147,2.11E-145,7.58E-146,2.78E-144,5.32E-145,1.91E-143
Zm00001eb191620,1.19E-06,0.818305377,4.60E-07,NA,NA,5.11E-07,5.97E-05,NA,NA,NA
Zm00001eb191640,4.54E-05,0.771278606,3.35E-08,NA,NA,0.046300715,0.031660758,0.024846241,NA,NA
Zm00001eb191790,3.73E-11,0.965138361,7.74E-15,NA,NA,8.40E-09,NA,4.53E-06,NA,0.000110706
Zm00001eb191820,2.42E-10,0.955241246,2.09E-14,NA,NA,1.67E-08,NA,3.50E-06,NA,5.06E-05
Zm00001eb192080,2.64E-09,0.881831082,1.16E-14,2.64E-09,NA,NA,NA,NA,NA,NA
Zm00001eb192160,1.15E-06,0.760162912,1.67E-08,1.15E-06,NA,NA,NA,NA,NA,NA
Zm00001eb192170,1.90E-09,0.886241062,1.74E-11,1.90E-09,NA,NA,NA,NA,NA,NA
Zm00001eb192180,8.45E-09,0.927988243,7.40E-10,4.10E-08,NA,NA,0.001132576,0.023060354,NA,NA
Zm00001eb192250,6.63E-08,0.929294728,0.001794927,NA,0.000149745,0.000276421,NA,0.046562511,0.035241015,NA
Zm00001eb192350,3.89E-07,0.841983463,2.74E-09,8.76E-08,0.033206227,NA,NA,NA,NA,NA
Zm00001eb192630,7.50E-07,0.899611584,NA,NA,0.001399935,0.000394319,0.009289969,0.03736139,NA,NA
Zm00001eb192750,2.32E-05,0.870291851,1.11E-06,3.16E-05,1.28E-05,0.000350316,5.84E-05,0.001384041,NA,NA
Zm00001eb192840,1.07E-06,0.894338725,1.39E-08,NA,NA,2.09E-05,0.019347237,0.000887811,NA,0.007874652
Zm00001eb192850,1.45E-08,0.94317266,2.89E-06,NA,NA,3.03E-05,0.000480258,0.018885084,0.002325094,NA
Zm00001eb192880,6.33E-08,0.929759511,NA,NA,NA,NA,0.000273979,0.000154928,0.004797512,0.006503114
Zm00001eb192970,0.000143179,0.783809284,NA,NA,0.015603642,0.000156489,0.007461705,0.001507386,NA,NA
Zm00001eb192980,6.74E-07,0.870405473,0.005982759,1.98E-07,0.017137808,NA,0.014804025,NA,NA,NA
Zm00001eb193130,1.44E-07,0.970773894,0.000210706,0.001181977,6.22E-05,0.000618627,0.00016265,0.00148632,0.000399342,0.003102114
Zm00001eb193260,1.26E-08,0.944331093,NA,NA,NA,NA,1.30E-06,2.84E-07,6.14E-06,5.06E-06
Zm00001eb193300,1.50E-08,0.971255448,NA,NA,0.004218303,0.000202924,0.005892389,0.009412095,0.007108838,0.02814782
Zm00001eb193320,7.25E-148,1,2.80E-148,6.33E-147,6.12E-147,2.11E-145,7.58E-146,2.78E-144,5.32E-145,1.91E-143
Zm00001eb193620,2.69E-13,0.988087939,NA,NA,2.19E-06,6.28E-09,0.000504094,0.00025757,NA,NA
Zm00001eb193660,1.87E-05,0.903764657,0.033987634,NA,0.000521378,0.000383136,0.000520332,0.002748774,0.000961659,0.009476697
Zm00001eb193820,4.69E-06,0.831717155,1.23E-07,NA,NA,0.00418935,0.000912049,0.031723332,NA,NA
Zm00001eb193870,3.39E-05,0.919486742,0.013360319,0.039123977,0.003395403,0.018336524,0.004735367,0.024828688,0.006758176,0.032351389
Zm00001eb193920,2.28E-10,0.955599273,NA,5.81E-11,NA,NA,NA,8.60E-07,NA,2.15E-05
Zm00001eb193970,4.59E-06,0.869419663,NA,NA,5.71E-05,0.000115017,8.75E-05,0.002532276,NA,NA
Zm00001eb194300,4.72E-08,0.932671393,NA,NA,0.002964344,1.46E-05,0.014140209,0.003877816,NA,NA
Zm00001eb194310,0.000108244,0.834302326,2.53E-06,1.37E-05,7.01E-06,6.40E-05,1.24E-05,0.000153017,NA,NA
Zm00001eb194530,3.03E-05,0.86469796,2.24E-06,0.000391155,2.19E-05,0.002022987,0.000105164,0.006662321,NA,NA
Zm00001eb194570,3.33E-07,0.910756164,0.025902906,NA,NA,NA,3.24E-07,2.68E-07,4.71E-07,1.09E-06
Zm00001eb194700,1.51E-05,0.844574617,NA,NA,NA,NA,0.000365443,0.002278743,0.001919316,0.022858592
Zm00001eb195030,1.31E-08,0.923635463,NA,1.04E-07,NA,7.88E-05,NA,0.002500038,NA,NA
Zm00001eb195080,6.85E-05,0.908092344,0.002996627,0.00566928,0.001405887,0.003785723,0.002735923,0.006024771,0.004938456,0.00892355
Zm00001eb195180,1.42E-06,0.8567333,0.000113276,0.005733972,NA,NA,0.013498069,0.022935355,NA,NA
Zm00001eb195560,5.45E-12,0.94269963,4.20E-14,5.45E-12,NA,NA,NA,NA,NA,NA
Zm00001eb195600,2.64E-06,0.931166971,NA,NA,0.034000639,9.40E-05,0.02792469,0.002246021,0.043859789,0.014098529
Zm00001eb195900,4.99E-07,0.963269878,0.000379498,0.004379274,0.00096153,0.012676449,0.000886547,0.013057032,0.001248091,0.017342795
Zm00001eb196200,4.96E-10,0.950730429,NA,NA,4.53E-05,1.73E-10,0.00350274,NA,NA,NA
Zm00001eb196240,2.46E-06,0.800980558,6.43E-10,NA,NA,3.39E-05,NA,0.001510844,NA,NA
Zm00001eb196600,4.90E-07,0.837360259,0.045918375,NA,3.54E-06,5.86E-07,NA,NA,NA,NA
Zm00001eb196630,2.83E-06,0.797482069,NA,6.91E-07,NA,NA,NA,NA,NA,0.000152068
Zm00001eb196760,2.08E-08,0.940154422,NA,NA,0.000826427,4.81E-07,0.001107105,5.21E-05,NA,NA
Zm00001eb196780,2.15E-14,0.980434706,2.07E-15,4.30E-15,NA,NA,0.018346405,NA,NA,NA
Zm00001eb196830,7.66E-09,0.866146641,7.04E-11,7.66E-09,NA,NA,NA,NA,NA,NA
Zm00001eb196920,8.27E-06,0.85771257,NA,NA,0.028029565,0.000270743,0.046925881,0.012357841,NA,NA
Zm00001eb197050,9.69E-08,0.867171083,NA,NA,NA,NA,NA,0.04813861,NA,0.001556543
Zm00001eb197320,2.27E-06,0.882133743,3.09E-09,NA,NA,0.00788867,0.000337608,0.049382845,0.003701434,NA
Zm00001eb197370,2.88E-07,0.966807118,1.37E-05,0.000105753,2.64E-06,3.52E-05,3.92E-06,4.59E-05,6.59E-06,6.49E-05
Zm00001eb197410,6.65E-07,0.90134494,8.28E-05,0.026910178,0.005934774,NA,0.021946566,NA,0.039108181,NA
Zm00001eb197690,0.000548101,0.784804045,2.60E-05,0.000488862,0.000156754,0.003206135,0.000590123,0.010736355,NA,NA
Zm00001eb199200,1.67E-08,0.921102352,9.92E-07,NA,6.97E-05,NA,0.000565436,NA,0.001961536,NA
Zm00001eb199740,5.72E-07,0.834170514,NA,NA,NA,NA,1.44E-07,NA,NA,1.01E-05
Zm00001eb200910,2.12E-06,0.848815041,1.62E-07,NA,0.000588602,0.045482018,0.016899197,NA,NA,NA
Zm00001eb203660,1.20E-05,0.757449237,NA,NA,NA,NA,2.66E-06,0.002244585,NA,NA
Zm00001eb206720,4.92E-07,0.963367609,1.57E-07,5.78E-06,2.60E-06,0.000104561,2.26E-05,0.000693769,0.000108123,0.002425654
Zm00001eb207020,7.89E-05,0.802009399,1.85E-06,0.000261158,NA,0.000344927,0.005842332,0.00036259,NA,NA
Zm00001eb207130,3.92E-07,0.950195328,2.65E-05,0.018521399,0.000608663,0.022833081,NA,0.023124035,0.013611417,0.024536064
Zm00001eb207700,7.25E-148,1,2.80E-148,6.33E-147,6.12E-147,2.11E-145,7.58E-146,2.78E-144,5.32E-145,1.91E-143
Zm00001eb209450,1.22E-08,0.89748694,5.81E-09,NA,9.59E-07,NA,2.25E-05,NA,NA,NA
Zm00001eb209880,1.42E-07,0.941700061,5.15E-07,0.0107914,9.64E-06,0.013170893,5.92E-05,0.017235069,NA,NA
Zm00001eb209990,2.41E-08,0.955750288,2.89E-08,0.000159129,1.04E-06,0.001445552,1.30E-05,0.005738471,NA,NA
Zm00001eb210060,0.000133869,0.864773355,3.32E-05,5.03E-05,3.95E-05,0.00019405,2.18E-05,0.000978602,NA,0.005399822
Zm00001eb211890,9.16E-06,0.855573137,0.011641885,3.42E-06,0.043308764,NA,0.032025618,NA,0.032661707,NA
Zm00001eb212360,7.61E-07,0.868272973,2.15E-05,NA,0.001783504,NA,0.008803969,NA,0.020737708,NA
Zm00001eb212520,9.87E-08,0.899888219,3.64E-11,NA,NA,NA,4.93E-05,0.029527482,0.001325747,NA
Zm00001eb213670,1.22E-06,0.817755402,1.53E-13,NA,NA,NA,3.76E-07,0.015619614,NA,NA
Zm00001eb213770,1.51E-06,0.915658844,1.03E-06,0.003974515,2.35E-05,0.007489143,0.000162899,0.018217273,NA,NA
Zm00001eb213930,2.92E-08,0.978211009,9.82E-09,2.88E-07,1.81E-07,6.66E-06,1.79E-06,5.71E-05,9.85E-06,0.000251641
Zm00001eb214080,1.33E-06,0.815645358,3.77E-07,NA,0.001124993,NA,0.021750199,NA,NA,NA
Zm00001eb214710,7.25E-148,1,2.80E-148,6.33E-147,6.12E-147,2.11E-145,7.58E-146,2.78E-144,5.32E-145,1.91E-143
Zm00001eb214960,1.53E-06,0.812537598,4.01E-07,NA,0.000368632,NA,0.006293904,NA,NA,NA
Zm00001eb216460,1.87E-06,0.851347108,0.00019278,NA,0.004884558,NA,0.022065504,NA,0.048775773,NA
Zm00001eb217840,2.83E-07,0.935106248,1.83E-07,0.000405877,3.34E-06,0.001467844,2.55E-05,0.003961606,NA,NA
Zm00001eb222580,7.25E-148,1,2.80E-148,6.33E-147,6.12E-147,2.11E-145,7.58E-146,2.78E-144,5.32E-145,1.91E-143
Zm00001eb223890,5.33E-07,0.780718642,1.02E-13,NA,NA,NA,5.33E-07,NA,NA,NA
Zm00001eb224120,8.84E-06,0.915391466,8.24E-06,0.001754786,0.000126587,0.007902942,0.00118193,0.020872149,0.005956343,NA
Zm00001eb224130,3.31E-07,0.84511896,1.16E-07,NA,1.50E-05,NA,0.000229584,NA,NA,NA
Zm00001eb225380,5.79E-06,0.778533854,3.12E-14,NA,NA,NA,1.94E-06,0.040659682,NA,NA
Zm00001eb225640,0.000198682,0.855123496,0.000439903,0.000112397,0.002749363,NA,0.011189156,5.78E-05,0.028543985,0.000125528
Zm00001eb226060,3.25E-07,0.792915818,5.42E-11,NA,3.25E-07,NA,NA,NA,NA,NA
Zm00001eb226580,5.71E-09,0.906755927,NA,NA,NA,NA,NA,0.002363127,NA,4.13E-05
Zm00001eb227340,0.000125611,0.83030698,1.39E-05,0.002195362,0.001433558,0.002691101,0.008111887,0.00469363,NA,NA
Zm00001eb230750,9.66E-08,0.867227313,2.54E-11,NA,NA,NA,7.07E-05,NA,0.001053648,NA
Zm00001eb230820,5.88E-07,0.833601677,0.025450485,NA,NA,NA,1.38E-07,3.66E-05,NA,NA
Zm00001eb231970,7.25E-148,1,2.80E-148,6.33E-147,6.12E-147,2.11E-145,7.58E-146,2.78E-144,5.32E-145,1.91E-143
Zm00001eb233540,7.80E-08,0.870729934,1.93E-09,NA,4.72E-06,NA,8.86E-05,NA,NA,NA
Zm00001eb234790,1.82E-08,0.892226352,1.24E-13,NA,8.49E-09,NA,NA,0.02501121,NA,NA
Zm00001eb235410,7.25E-148,1,2.80E-148,6.33E-147,6.12E-147,2.11E-145,7.58E-146,2.78E-144,5.32E-145,1.91E-143
Zm00001eb235450,4.30E-06,0.833680765,1.01E-05,0.040295764,0.000154048,NA,0.001494774,NA,NA,NA
Zm00001eb235830,7.25E-148,1,2.80E-148,6.33E-147,6.12E-147,2.11E-145,7.58E-146,2.78E-144,5.32E-145,1.91E-143
Zm00001eb236570,7.25E-148,1,2.80E-148,6.33E-147,6.12E-147,2.11E-145,7.58E-146,2.78E-144,5.32E-145,1.91E-143
Zm00001eb237170,7.31E-07,0.899985221,5.57E-08,0.006344626,NA,0.025031711,2.10E-05,NA,0.000159365,NA
Zm00001eb237930,4.44E-05,0.714279276,9.20E-06,NA,0.002209494,NA,0.017937096,NA,NA,NA
Zm00001eb238170,1.93E-05,0.874094558,4.74E-06,NA,0.000597795,0.018222208,0.004707765,0.022662746,NA,0.029317471
Zm00001eb242410,4.66E-06,0.924143713,4.47E-06,0.002078269,0.000242871,0.005266107,0.002569541,NA,0.012296173,0.01910179
Zm00001eb243430,7.25E-148,1,2.80E-148,6.33E-147,6.12E-147,2.11E-145,7.58E-146,2.78E-144,5.32E-145,1.91E-143
Zm00001eb244060,7.25E-148,1,2.80E-148,6.33E-147,6.12E-147,2.11E-145,7.58E-146,2.78E-144,5.32E-145,1.91E-143
Zm00001eb245320,3.72E-07,0.789647128,6.56E-12,NA,3.72E-07,NA,NA,NA,NA,NA
Zm00001eb245810,1.41E-06,0.856884684,NA,NA,NA,NA,0.001188983,2.62E-05,0.02494202,NA
Zm00001eb245920,7.13E-06,0.91844326,0.000114047,0.032204346,0.007786967,0.022644981,0.049001345,0.014993653,NA,0.013724874
Zm00001eb245970,8.95E-06,0.856068229,1.11E-06,0.029584777,1.72E-05,0.043161697,0.000133967,NA,NA,NA
Zm00001eb246480,2.04E-07,0.854221347,7.05E-10,NA,NA,NA,2.24E-05,NA,0.000227063,NA
Zm00001eb247720,1.98E-05,0.741740172,5.19E-06,NA,0.000520546,NA,0.004469499,NA,NA,NA
Zm00001eb249670,6.84E-13,0.986389685,NA,0.000496,NA,0.000112081,NA,1.25E-05,NA,9.02E-07
Zm00001eb251120,3.08E-148,1,1.19E-148,2.69E-147,2.60E-147,8.98E-146,3.22E-146,1.18E-144,2.26E-145,8.10E-144
Zm00001eb251340,1.12E-05,0.851303798,NA,NA,NA,NA,0.02766134,0.00439945,0.001746755,0.000748123
Zm00001eb251960,5.23E-07,0.947703169,0.011478686,NA,0.002305302,0.014632244,0.000247701,0.001008288,0.000103455,0.000708408
Zm00001eb252460,1.17E-06,0.892912904,1.60E-05,NA,NA,1.00E-05,0.020354044,1.60E-05,NA,2.79E-05
Zm00001eb254670,0.000180355,0.889534884,8.68E-06,0.000111244,3.93E-05,0.000576726,0.000101542,0.001343369,0.000194224,0.002262515
Zm00001eb255120,1.00E-05,0.762869381,1.49E-11,NA,NA,NA,3.21E-06,0.040859388,NA,NA
Zm00001eb255380,7.25E-148,1,2.80E-148,6.33E-147,6.12E-147,2.11E-145,7.58E-146,2.78E-144,5.32E-145,1.91E-143
Zm00001eb256120,1.12E-09,0.945088504,2.29E-06,NA,0.00045945,NA,0.006527772,NA,0.026402339,NA
Zm00001eb257660,1.41E-06,0.814355204,3.01E-07,NA,0.00136615,NA,0.026177265,NA,NA,NA
Zm00001eb260140,3.42E-08,0.883377027,5.46E-11,NA,NA,NA,0.000256166,NA,0.005813359,NA
Zm00001eb260630,2.86E-07,0.847912595,NA,NA,NA,NA,7.10E-08,1.34E-05,NA,NA
Zm00001eb260850,0.00018132,0.857421092,4.43E-05,0.000104302,0.000793529,0.000720109,0.007539701,0.002700888,0.034490902,NA
Zm00001eb262970,2.24E-07,0.852481296,0.002068523,NA,5.07E-08,NA,NA,NA,NA,0.000293599
Zm00001eb263930,2.28E-206,1,NA,4.68E-196,NA,4.78E-197,NA,2.38E-198,NA,9.11E-200
Zm00001eb264460,1.68E-08,0.921025988,NA,2.63E-05,NA,NA,NA,0.031666097,NA,0.038766779
Zm00001eb269040,0.000109961,0.899459484,0.000672392,0.002365024,0.000135975,0.000723999,4.07E-05,0.000235094,2.08E-05,0.000105886
Zm00001eb269710,7.25E-148,1,2.80E-148,6.33E-147,6.12E-147,2.11E-145,7.58E-146,2.78E-144,5.32E-145,1.91E-143
Zm00001eb270180,4.34E-05,0.915657622,0.002547545,5.65E-05,0.000142193,5.59E-05,7.50E-05,5.78E-05,6.07E-05,6.38E-05
Zm00001eb270570,8.55E-06,0.857013135,0.000452379,NA,NA,NA,0.000134867,0.02913921,2.20E-05,0.004435312
Zm00001eb270630,1.36E-07,0.81283493,3.98E-11,NA,1.36E-07,NA,NA,NA,NA,NA
Zm00001eb271620,1.00E-05,0.762823572,8.73E-07,NA,0.000580616,NA,0.006130701,NA,NA,NA
Zm00001eb271820,2.74E-06,0.734927172,1.11E-11,NA,2.74E-06,NA,NA,NA,NA,NA
Zm00001eb273200,7.25E-148,1,2.80E-148,6.33E-147,6.12E-147,2.11E-145,7.58E-146,2.78E-144,5.32E-145,1.91E-143
Zm00001eb275100,4.24E-06,0.945402299,3.20E-07,5.24E-06,2.25E-06,4.58E-05,8.54E-06,0.000159109,2.17E-05,0.000353906
Zm00001eb276670,2.01E-07,0.854531142,NA,NA,NA,NA,4.35E-06,NA,3.17E-05,NA
Zm00001eb278510,4.75E-08,0.834421375,2.14E-11,NA,4.75E-08,NA,NA,NA,NA,NA
Zm00001eb278640,2.09E-06,0.805000277,3.25E-07,NA,0.001483927,NA,0.025699538,NA,NA,NA
Zm00001eb280500,7.25E-148,1,2.80E-148,6.33E-147,6.12E-147,2.11E-145,7.58E-146,2.78E-144,5.32E-145,1.91E-143
Zm00001eb280560,4.42E-07,0.930411009,1.05E-06,0.02880648,0.000855525,NA,0.016517423,0.019282354,NA,0.032173324
Zm00001eb280930,3.05E-06,0.905862385,2.28E-06,0.006815081,4.32E-05,0.017943318,0.00026021,0.035837826,NA,NA
Zm00001eb282560,1.53E-149,1,1.31E-147,2.53E-147,2.85E-146,2.03E-146,3.53E-145,4.70E-146,2.48E-144,4.34E-146
Zm00001eb282740,7.25E-148,1,2.80E-148,6.33E-147,6.12E-147,2.11E-145,7.58E-146,2.78E-144,5.32E-145,1.91E-143
Zm00001eb283530,6.51E-06,0.824101685,NA,NA,NA,NA,4.17E-05,NA,8.70E-05,0.002976903
Zm00001eb284030,0.000450735,0.868332459,0.000146424,0.001140386,0.001625537,0.008077491,0.005684369,0.020319033,0.011836853,0.032414785
Zm00001eb284390,1.15E-05,0.884038659,6.22E-06,0.00523183,0.000144404,0.020064606,0.000992096,0.046724825,NA,NA
Zm00001eb284490,8.45E-08,0.90195568,3.50E-05,NA,0.003281133,NA,0.018944722,NA,0.043289509,NA
Zm00001eb284580,7.25E-148,1,2.80E-148,6.33E-147,6.12E-147,2.11E-145,7.58E-146,2.78E-144,5.32E-145,1.91E-143
Zm00001eb285880,0.000357716,0.799181747,0.0001071,0.006566173,0.001050091,0.017516094,0.003418314,NA,0.006427159,NA
Zm00001eb286190,8.80E-05,0.903623188,0.0003536,0.006857363,6.69E-05,0.002493072,1.92E-05,0.000975198,9.65E-06,0.000548453
Zm00001eb286440,3.08E-05,0.72705128,7.04E-09,NA,NA,NA,0.005000693,NA,0.028931659,NA
Zm00001eb287560,2.07E-06,0.952227011,1.79E-06,2.04E-05,4.09E-05,0.000410276,0.000387933,0.00241768,0.001777016,0.006748127
Zm00001eb287790,1.19E-05,0.849871332,1.45E-06,NA,0.000993372,0.005576643,NA,0.011136438,0.032098719,NA
Zm00001eb287860,4.57E-07,0.838738241,2.54E-08,NA,0.00028167,NA,0.006657749,NA,NA,NA
Zm00001eb288510,7.25E-148,1,2.80E-148,6.33E-147,6.12E-147,2.11E-145,7.58E-146,2.78E-144,5.32E-145,1.91E-143
Zm00001eb288520,4.52E-08,0.835388849,3.78E-13,NA,4.52E-08,NA,NA,NA,NA,NA
Zm00001eb288550,2.66E-08,0.916049117,6.00E-06,NA,0.000446135,NA,0.003591104,NA,0.011296192,NA
Zm00001eb288560,4.44E-07,0.949128061,3.30E-07,3.49E-06,1.68E-05,6.60E-05,0.000324821,0.000507237,0.002506685,NA
Zm00001eb288570,5.92E-06,0.895486521,4.12E-05,0.008554893,0.000929255,0.021635817,0.006176677,NA,0.017935653,NA
Zm00001eb290340,4.47E-05,0.915178571,5.62E-06,0.000235346,3.14E-06,0.000207361,1.74E-06,0.000134403,1.30E-06,0.000101476
Zm00001eb290570,3.92E-07,0.84179998,1.74E-07,NA,1.78E-05,NA,0.000267867,NA,NA,NA
Zm00001eb290730,0.0001166,0.83231804,1.18E-05,0.000937937,0.00021374,0.00609057,0.001244685,0.01957453,NA,NA
Zm00001eb291670,9.50E-07,0.823306524,1.67E-12,NA,2.05E-07,0.012312054,NA,NA,NA,NA
Zm00001eb291780,0.000167884,0.859325772,4.16E-05,0.00012258,0.000736474,0.000829218,0.006969753,0.003055108,0.031983675,NA
Zm00001eb291820,2.90E-05,0.865661561,7.05E-08,0.00089628,NA,0.001109553,8.07E-05,NA,0.000222491,0.001909807
Zm00001eb293080,4.08E-08,0.880781994,2.44E-10,NA,NA,NA,0.000542188,NA,0.012330238,NA
Zm00001eb293440,7.68E-05,0.843153461,1.08E-05,0.003864626,9.59E-05,0.011080203,0.000371138,0.022983949,NA,NA
Zm00001eb293690,2.12E-06,0.804608678,5.26E-07,NA,5.17E-05,NA,0.000568917,NA,NA,NA
Zm00001eb294100,3.08E-148,1,1.19E-148,2.69E-147,2.60E-147,8.98E-146,3.22E-146,1.18E-144,2.26E-145,8.10E-144
Zm00001eb294870,1.16E-09,0.92357521,9.36E-10,NA,5.03E-07,NA,2.40E-05,NA,NA,NA
Zm00001eb295610,7.77E-07,0.827700693,2.06E-14,NA,NA,NA,2.12E-07,0.006155286,NA,NA
Zm00001eb298750,7.25E-148,1,2.80E-148,6.33E-147,6.12E-147,2.11E-145,7.58E-146,2.78E-144,5.32E-145,1.91E-143
Zm00001eb299980,6.46E-07,0.831631728,2.20E-14,NA,NA,NA,2.58E-07,0.039307712,NA,NA
Zm00001eb300360,3.16E-06,0.840433458,9.50E-05,NA,0.002209732,NA,0.011678513,NA,0.032412229,NA
Zm00001eb301210,1.24E-06,0.817372814,4.37E-08,NA,0.000873213,NA,0.017032193,NA,NA,NA
Zm00001eb302350,7.26E-06,0.703400007,1.90E-11,NA,NA,NA,7.26E-06,NA,NA,NA
Zm00001eb303350,7.72E-08,0.903139142,1.21E-09,NA,2.00E-05,NA,NA,0.049414748,0.045728277,NA
Zm00001eb303750,1.02E-06,0.821750797,3.59E-09,NA,NA,NA,0.00025569,NA,0.002501082,NA
Zm00001eb304020,1.22E-06,0.817605007,1.93E-07,NA,0.000199663,NA,0.003355711,NA,NA,NA
Zm00001eb305530,2.31E-07,0.968120805,2.40E-08,4.42E-07,2.19E-07,5.31E-06,1.06E-06,2.42E-05,3.27E-06,6.61E-05
Zm00001eb306030,0.000203582,0.816630463,1.12E-05,0.001319667,0.000191235,0.006630995,0.000878257,0.018229806,NA,NA
Zm00001eb306070,3.02E-07,0.846863677,6.97E-11,0.001864914,NA,NA,4.78E-07,NA,NA,NA
Zm00001eb306140,7.87E-05,0.876697207,NA,0.001181567,0.008804806,0.000547719,0.022388011,0.000474037,NA,0.000546089
Zm00001eb307430,2.79E-05,0.922385621,7.76E-06,0.000131693,9.79E-05,0.001342132,0.000627469,0.005202731,0.002252109,0.011336591
Zm00001eb307550,0.000396843,0.624311985,NA,NA,NA,NA,0.000110301,0.00348115,NA,NA
Zm00001eb308850,6.21E-05,0.808853239,0.010379343,NA,0.012264721,NA,0.011077347,2.47E-05,0.016762367,NA
Zm00001eb309330,7.25E-148,1,2.80E-148,6.33E-147,6.12E-147,2.11E-145,7.58E-146,2.78E-144,5.32E-145,1.91E-143
Zm00001eb310140,7.25E-148,1,2.80E-148,6.33E-147,6.12E-147,2.11E-145,7.58E-146,2.78E-144,5.32E-145,1.91E-143
Zm00001eb315640,2.16E-06,0.848454537,NA,NA,0.009212779,NA,0.005608164,NA,0.006767637,NA
Zm00001eb315980,0.000491505,0.866115196,0.004563881,0.001232942,0.011107831,0.001653083,0.018822436,0.001666184,0.027689373,0.001374988
Zm00001eb316170,7.25E-148,1,2.80E-148,6.33E-147,6.12E-147,2.11E-145,7.58E-146,2.78E-144,5.32E-145,1.91E-143
Zm00001eb316940,5.19E-06,0.867052371,NA,NA,0.048508537,NA,0.031051853,9.73E-06,0.041265664,NA
Zm00001eb318600,0.000135731,0.895355917,0.002249753,0.002740241,0.000469422,0.000948927,0.000127466,0.000384899,6.36E-05,0.000237991
Zm00001eb318900,0.000156809,0.86099169,NA,NA,0.02799943,0.041429195,0.010089273,0.01155319,0.006427559,0.004047017
Zm00001eb320280,5.65E-07,0.779200655,3.10E-12,NA,NA,NA,5.65E-07,NA,NA,NA
Zm00001eb320500,6.10E-05,0.910066667,0.004090154,1.19E-05,0.001050541,4.45E-06,0.000363855,3.29E-06,0.000199616,3.20E-06
Zm00001eb321370,4.59E-06,0.89958867,3.31E-07,2.77E-06,4.14E-06,5.38E-05,2.66E-05,0.000395168,NA,NA
Zm00001eb322790,2.99E-06,0.796105572,NA,NA,NA,NA,7.46E-07,0.000100041,NA,NA
Zm00001eb323730,5.61E-07,0.834582153,1.65E-09,NA,NA,NA,0.000658963,NA,0.008081002,NA
Zm00001eb324090,8.68E-06,0.88899376,8.60E-08,0.023126018,NA,0.021710773,0.002832946,0.03684091,0.014539707,NA
Zm00001eb327040,9.44E-08,0.820645892,4.76E-12,NA,NA,NA,9.44E-08,NA,NA,NA
Zm00001eb328010,7.04E-07,0.869650244,4.40E-08,NA,0.000311027,0.039205456,0.012035317,NA,NA,NA
Zm00001eb328310,1.38E-06,0.814815558,4.64E-11,NA,3.55E-07,NA,NA,0.005978986,NA,NA
Zm00001eb328350,4.97E-06,0.943770701,0.001436727,0.016542001,0.000294822,0.005286535,6.81E-05,0.001796278,3.75E-05,0.000968885
Zm00001eb329970,4.19E-05,0.889428848,1.07E-06,0.000204541,0.00014894,0.002117564,0.001132091,0.0113578,NA,0.037313945
Zm00001eb330460,2.48E-07,0.799362553,9.91E-13,NA,2.48E-07,NA,NA,NA,NA,NA
Zm00001eb330580,2.42E-05,0.86945726,0.000115518,0.002205856,0.003255765,0.009720814,0.015417361,NA,0.03159257,NA
Zm00001eb330630,7.25E-148,1,2.80E-148,6.33E-147,6.12E-147,2.11E-145,7.58E-146,2.78E-144,5.32E-145,1.91E-143
Zm00001eb330710,9.61E-07,0.823052291,NA,NA,NA,NA,2.26E-07,5.78E-05,NA,NA
Zm00001eb332100,0.000108969,0.869532745,0.00236286,0.013965846,0.016424402,0.015507839,0.027458142,0.011881976,NA,0.009939006
Zm00001eb332120,7.25E-148,1,2.80E-148,6.33E-147,6.12E-147,2.11E-145,7.58E-146,2.78E-144,5.32E-145,1.91E-143
Zm00001eb332220,1.56E-05,0.843928571,NA,2.61E-06,NA,2.34E-06,NA,3.89E-06,NA,7.16E-06
Zm00001eb332450,1.18E-06,0.860302164,7.75E-07,1.70E-05,0.001801628,0.011625233,NA,NA,NA,NA
Zm00001eb333150,7.91E-07,0.827307088,8.50E-08,NA,0.000164053,NA,0.00305841,NA,NA,NA
Zm00001eb333490,0.000843267,0.851358526,8.81E-05,0.000975113,0.000692425,0.003970201,0.002512151,0.009688968,0.005845401,0.01725594
Zm00001eb334010,7.25E-148,1,2.80E-148,6.33E-147,6.12E-147,2.11E-145,7.58E-146,2.78E-144,5.32E-145,1.91E-143
Zm00001eb334460,1.29E-07,0.814004125,NA,1.29E-07,NA,NA,NA,NA,NA,NA
Zm00001eb334490,1.61E-06,0.750821588,2.18E-10,NA,1.61E-06,NA,NA,NA,NA,NA
Zm00001eb335810,1.46E-06,0.813534373,2.05E-07,NA,0.00146087,NA,0.027773094,NA,NA,NA
Zm00001eb336410,1.45E-08,0.922583139,1.50E-09,NA,0.000115304,0.010745721,0.016850377,NA,NA,NA
Zm00001eb336500,7.25E-148,1,2.80E-148,6.33E-147,6.12E-147,2.11E-145,7.58E-146,2.78E-144,5.32E-145,1.91E-143
Zm00001eb338360,9.92E-05,0.871641002,1.32E-05,8.35E-06,0.000180725,6.23E-05,0.001508684,0.000408036,0.00694592,NA
Zm00001eb338570,5.17E-09,0.932572003,4.12E-07,NA,4.28E-05,NA,0.000445729,NA,0.001877857,NA
Zm00001eb339420,5.51E-07,0.903994837,0.011731203,NA,0.007694984,NA,0.001511787,NA,0.000553263,0.000170063
Zm00001eb339490,1.52E-06,0.752370037,3.00E-12,NA,NA,NA,1.52E-06,NA,NA,NA
Zm00001eb339750,3.08E-148,1,1.19E-148,2.69E-147,2.60E-147,8.98E-146,3.22E-146,1.18E-144,2.26E-145,8.10E-144
Zm00001eb340780,1.55E-05,0.749448929,1.81E-12,NA,NA,0.036036138,3.48E-06,NA,NA,NA
Zm00001eb341000,4.24E-06,0.945402299,1.49E-06,1.52E-05,2.16E-05,0.000197538,0.000160422,0.000925216,0.000660314,0.002262515
Zm00001eb343050,9.89E-05,0.684208098,NA,NA,NA,NA,3.07E-05,0.000717773,NA,NA
Zm00001eb344860,7.25E-148,1,2.80E-148,6.33E-147,6.12E-147,2.11E-145,7.58E-146,2.78E-144,5.32E-145,1.91E-143
Zm00001eb345210,0.000319025,0.634423592,NA,NA,NA,NA,0.008152199,NA,0.031119929,NA
Zm00001eb345250,4.76E-05,0.854648289,1.03E-05,0.016410335,0.001091241,0.017362493,0.003706654,NA,0.006399402,NA
Zm00001eb345920,0.000172563,0.890461216,4.51E-05,5.75E-05,0.000405397,0.000350015,0.001563289,0.001190241,0.003662468,0.002777591
Zm00001eb346280,1.70E-07,0.80793446,1.78E-10,NA,1.70E-07,NA,NA,NA,NA,NA
Zm00001eb346880,0.000233112,0.767635417,NA,NA,0.049821496,NA,0.01920648,0.01253504,0.013403394,NA
Zm00001eb349810,2.65E-07,0.885685164,7.06E-09,NA,2.38E-05,NA,NA,0.020984417,0.029189919,NA
Zm00001eb350090,4.24E-06,0.786998685,NA,NA,NA,NA,1.12E-06,9.63E-05,NA,NA
Zm00001eb350950,7.25E-148,1,2.80E-148,6.33E-147,6.12E-147,2.11E-145,7.58E-146,2.78E-144,5.32E-145,1.91E-143
Zm00001eb352550,1.92E-07,0.855321544,2.28E-08,NA,0.000418959,NA,0.013321295,NA,NA,NA
Zm00001eb353250,1.32E-07,0.861989843,5.18E-10,NA,NA,NA,0.001436237,NA,0.025188056,NA
Zm00001eb354510,0.000374223,0.627057961,2.34E-05,NA,0.003172545,NA,0.015515097,NA,NA,NA
Zm00001eb355890,1.74E-07,0.857047244,6.23E-10,NA,NA,NA,8.55E-05,NA,0.001123834,NA
Zm00001eb356550,9.14E-07,0.766559961,2.76E-14,NA,NA,NA,9.14E-07,NA,NA,NA
Zm00001eb357070,3.37E-06,0.904347218,1.30E-06,0.001177426,2.53E-05,NA,0.000158712,0.007773447,NA,0.013246824
Zm00001eb357350,4.99E-06,0.867803471,NA,NA,NA,NA,0.03451316,0.009109843,0.001826717,0.001182679
Zm00001eb358130,7.25E-148,1,2.80E-148,6.33E-147,6.12E-147,2.11E-145,7.58E-146,2.78E-144,5.32E-145,1.91E-143
Zm00001eb359280,1.62E-06,0.750552023,1.43E-12,NA,NA,NA,1.62E-06,NA,NA,NA
Zm00001eb359290,2.02E-08,0.919098221,6.71E-06,NA,0.000537287,NA,0.004853667,NA,0.016489482,NA
Zm00001eb361070,4.01E-05,0.858583136,0.000143598,0.013502706,0.003454751,0.046849484,0.01457137,NA,0.029553379,NA
Zm00001eb362560,5.67E-06,0.779076443,2.38E-08,0.039513835,NA,NA,4.10E-06,NA,NA,NA
Zm00001eb363150,2.28E-206,1,NA,4.68E-196,NA,4.78E-197,NA,2.38E-198,NA,9.11E-200
Zm00001eb363330,4.11E-09,0.934624521,1.40E-10,0.005686311,NA,NA,1.20E-05,NA,0.000339177,NA
Zm00001eb364370,1.32E-05,0.754586028,4.36E-08,NA,3.05E-05,NA,0.000157651,NA,NA,NA
Zm00001eb364690,1.61E-07,0.858464853,2.67E-10,NA,NA,NA,0.000489255,NA,0.007893606,NA
Zm00001eb368040,2.13E-06,0.933642058,3.97E-06,0.000377093,0.000147859,0.001170909,0.002276625,0.00248462,0.016298208,NA
Zm00001eb368130,3.08E-148,1,1.19E-148,2.69E-147,2.60E-147,8.98E-146,3.22E-146,1.18E-144,2.26E-145,8.10E-144
Zm00001eb368510,8.33E-07,0.92317955,3.00E-06,0.017544982,0.000142568,0.014984292,0.001135913,0.020718964,NA,NA
Zm00001eb370570,2.22E-06,0.803489659,0.038147829,NA,NA,NA,5.03E-07,NA,NA,7.65E-05
Zm00001eb372000,7.25E-148,1,2.80E-148,6.33E-147,6.12E-147,2.11E-145,7.58E-146,2.78E-144,5.32E-145,1.91E-143
Zm00001eb375290,3.08E-148,1,1.19E-148,2.69E-147,2.60E-147,8.98E-146,3.22E-146,1.18E-144,2.26E-145,8.10E-144
Zm00001eb376570,0.000116879,0.867932329,7.26E-05,0.001768224,0.001205404,0.00827698,0.009508853,0.021672032,0.037225846,NA
Zm00001eb377500,7.25E-148,1,2.80E-148,6.33E-147,6.12E-147,2.11E-145,7.58E-146,2.78E-144,5.32E-145,1.91E-143
Zm00001eb378340,1.05E-07,0.865810384,4.05E-08,NA,1.59E-05,NA,0.000363648,NA,NA,NA
Zm00001eb378380,7.25E-148,1,2.80E-148,6.33E-147,6.12E-147,2.11E-145,7.58E-146,2.78E-144,5.32E-145,1.91E-143
Zm00001eb378670,9.24E-07,0.864794007,3.61E-05,NA,0.001155805,NA,0.007299535,NA,0.02291574,NA
Zm00001eb379570,5.21E-07,0.836102473,6.65E-14,NA,NA,NA,1.79E-07,0.018740249,NA,NA
Zm00001eb380150,9.85E-07,0.822514052,1.17E-08,NA,NA,NA,0.000467726,NA,0.004905881,NA
Zm00001eb383310,1.41E-06,0.814312169,NA,NA,NA,NA,5.13E-07,NA,NA,6.14E-06
Zm00001eb384970,5.77E-06,0.778618463,NA,NA,NA,NA,2.26E-06,3.33E-05,NA,NA
Zm00001eb385200,7.25E-148,1,2.80E-148,6.33E-147,6.12E-147,2.11E-145,7.58E-146,2.78E-144,5.32E-145,1.91E-143
Zm00001eb385510,1.48E-06,0.81318016,4.40E-07,NA,0.000148133,NA,0.002241582,NA,NA,NA
Zm00001eb386670,2.36E-07,0.851544122,1.39E-05,NA,NA,8.41E-06,1.29E-07,NA,NA,NA
Zm00001eb386680,0.000130758,0.786688482,1.01E-09,0.028723483,NA,0.020487455,0.000235842,0.043737527,NA,NA
Zm00001eb387050,1.59E-05,0.906437025,1.05E-06,3.02E-06,1.48E-05,1.72E-05,0.000138362,7.73E-05,0.00075741,NA
Zm00001eb389270,1.11E-06,0.91968599,1.63E-07,1.01E-06,3.38E-06,3.29E-05,3.00E-05,0.000331746,NA,NA
Zm00001eb390660,2.03E-07,0.968886463,6.60E-08,1.94E-06,1.13E-06,3.89E-05,1.03E-05,0.000286738,5.20E-05,0.001099283
Zm00001eb392800,0.00035514,0.874236253,4.68E-05,7.94E-05,0.000354529,0.000345652,0.001417891,0.000935809,0.003589043,0.001845704
Zm00001eb392890,1.07E-07,0.865463905,8.10E-09,NA,0.000179685,NA,0.006318904,NA,NA,NA
Zm00001eb394330,7.25E-148,1,2.80E-148,6.33E-147,6.12E-147,2.11E-145,7.58E-146,2.78E-144,5.32E-145,1.91E-143
Zm00001eb394430,2.03E-06,0.80571739,8.19E-07,NA,0.000379209,NA,0.00597969,NA,NA,NA
Zm00001eb394520,9.18E-06,0.765373515,2.49E-13,NA,NA,NA,2.78E-06,0.030709405,NA,NA
Zm00001eb394620,2.94E-05,0.728689372,NA,NA,NA,NA,NA,NA,6.78E-06,0.000715548
Zm00001eb395230,1.87E-09,0.918892118,9.81E-11,NA,2.90E-06,NA,NA,NA,0.009105753,NA
Zm00001eb395620,3.80E-07,0.842412765,0.001968498,NA,8.06E-08,NA,NA,NA,NA,6.92E-05
Zm00001eb396510,6.03E-06,0.777413428,1.46E-06,NA,0.000474704,NA,0.005637572,NA,NA,NA
Zm00001eb398280,1.45E-06,0.889534884,NA,3.36E-07,NA,2.76E-07,NA,4.71E-07,NA,9.02E-07
Zm00001eb399520,5.86E-10,0.92985759,3.07E-10,NA,9.49E-08,NA,3.44E-06,NA,NA,NA
Zm00001eb400070,7.25E-148,1,2.80E-148,6.33E-147,6.12E-147,2.11E-145,7.58E-146,2.78E-144,5.32E-145,1.91E-143
Zm00001eb400770,6.01E-07,0.833144354,3.02E-08,NA,1.85E-05,NA,0.000243106,NA,NA,NA
Zm00001eb401970,3.63E-07,0.909601387,NA,NA,NA,NA,0.022477539,0.042354669,0.000612956,0.004668123
Zm00001eb403240,7.47E-08,0.825458655,8.42E-13,NA,7.47E-08,NA,NA,NA,NA,NA
Zm00001eb406030,8.79E-05,0.688810668,2.84E-05,NA,0.001597161,NA,0.010551552,NA,NA,NA
Zm00001eb406220,0.000232133,0.884080283,0.006418815,0.00075951,0.001107572,0.000512878,0.001616953,0.000785768,0.002969516,0.001301367
Zm00001eb406810,6.68E-08,0.873196397,7.24E-11,NA,NA,NA,9.07E-05,NA,0.001541674,NA
Zm00001eb408970,7.25E-148,1,2.80E-148,6.33E-147,6.12E-147,2.11E-145,7.58E-146,2.78E-144,5.32E-145,1.91E-143
Zm00001eb409310,7.61E-197,1,NA,2.00E-197,NA,1.59E-197,NA,2.96E-197,NA,6.37E-197
Zm00001eb409580,2.10E-06,0.84896762,2.55E-10,NA,NA,NA,0.001297618,0.009866378,0.023294152,NA
Zm00001eb410260,8.72E-06,0.766881875,NA,NA,NA,NA,2.35E-06,0.000166773,NA,NA
Zm00001eb410450,7.06E-06,0.860943918,0.00970884,0.000513105,0.035028104,0.003641015,NA,0.012332288,NA,NA
Zm00001eb410580,7.25E-148,1,2.80E-148,6.33E-147,6.12E-147,2.11E-145,7.58E-146,2.78E-144,5.32E-145,1.91E-143
Zm00001eb410630,4.27E-07,0.878134957,1.75E-07,0.003227271,0.000227972,NA,0.004048327,NA,NA,NA
Zm00001eb411630,7.25E-148,1,2.80E-148,6.33E-147,6.12E-147,2.11E-145,7.58E-146,2.78E-144,5.32E-145,1.91E-143
Zm00001eb411680,8.16E-09,0.928326984,7.60E-07,NA,3.80E-05,NA,0.000387461,NA,0.001693564,NA
Zm00001eb412420,1.48E-05,0.750979657,1.45E-09,0.016013372,NA,NA,1.83E-05,NA,NA,NA
Zm00001eb414400,0.00026074,0.881473635,2.82E-05,0.000276607,1.46E-05,0.000114647,7.41E-06,6.34E-05,5.26E-06,4.75E-05
Zm00001eb414570,7.39E-06,0.891787533,7.26E-07,0.000846766,8.73E-05,0.002764512,0.000709415,0.006989697,NA,NA
Zm00001eb415040,1.67E-07,0.857864072,3.51E-08,NA,8.99E-06,NA,0.000153004,NA,NA,NA
Zm00001eb415090,4.24E-06,0.945402299,3.20E-07,5.24E-06,2.25E-06,4.58E-05,8.54E-06,0.000159109,2.17E-05,0.000353906
Zm00001eb416900,9.60E-06,0.764059223,7.26E-07,NA,0.002024932,NA,0.023999291,NA,NA,NA
Zm00001eb417430,7.25E-148,1,2.80E-148,6.33E-147,6.12E-147,2.11E-145,7.58E-146,2.78E-144,5.32E-145,1.91E-143
Zm00001eb419170,4.07E-06,0.788040831,NA,NA,NA,NA,8.92E-07,0.00059825,NA,NA
Zm00001eb421220,6.64E-07,0.831035158,9.73E-08,NA,0.000149893,NA,0.002908382,NA,NA,NA
Zm00001eb421890,4.42E-08,0.910120413,2.78E-08,NA,1.81E-08,NA,3.62E-08,NA,8.36E-08,NA
Zm00001eb423030,7.25E-148,1,2.80E-148,6.33E-147,6.12E-147,2.11E-145,7.58E-146,2.78E-144,5.32E-145,1.91E-143
Zm00001eb423170,7.25E-148,1,2.80E-148,6.33E-147,6.12E-147,2.11E-145,7.58E-146,2.78E-144,5.32E-145,1.91E-143
Zm00001eb423260,2.28E-206,1,NA,4.68E-196,NA,4.78E-197,NA,2.38E-198,NA,9.11E-200
Zm00001eb423400,2.56E-05,0.788292287,NA,NA,0.000333092,6.68E-05,0.002095476,NA,NA,NA
Zm00001eb426560,8.35E-06,0.768139495,NA,NA,NA,NA,1.85E-06,0.002070805,NA,NA
Zm00001eb426570,5.62E-08,0.875913878,NA,NA,NA,NA,1.29E-08,5.55E-06,NA,NA
Zm00001eb428530,4.24E-06,0.945402299,3.20E-07,5.24E-06,2.25E-06,4.58E-05,8.54E-06,0.000159109,2.17E-05,0.000353906
Zm00001eb428740,6.27E-09,0.869248162,1.19E-11,6.27E-09,NA,NA,NA,NA,NA,NA
Zm00001eb429210,1.41E-09,0.92172752,1.05E-10,NA,3.51E-07,NA,NA,NA,0.000505411,NA
Zm00001eb431800,3.30E-08,0.883888778,1.17E-08,NA,0.000249986,NA,0.01323943,NA,NA,NA
Zm00001eb432570,1.09E-06,0.940749351,4.50E-06,0.006777605,8.48E-05,0.019953417,0.000889414,0.040388297,0.004872011,NA
Zm00001eb432580,7.96E-08,0.870403159,2.17E-08,NA,2.28E-05,NA,0.000625028,NA,NA,NA
Zm00001eb433610,2.37E-07,0.851481863,1.15E-07,NA,0.00099929,NA,0.030932237,NA,NA,NA
Zm00001eb434360,0.000104519,0.835228088,4.47E-05,0.002835506,0.000604277,0.001699125,0.003199823,NA,0.009288667,NA
Zm00001eb434700,2.53E-05,0.832490034,0.029860437,0.001582403,NA,0.000447503,NA,0.00014843,NA,7.76E-05
Zm00001eb434810,2.53E-05,0.832490034,0.029860437,0.001582403,NA,0.000447503,NA,0.00014843,NA,7.76E-05
Zm00001eb441140,7.25E-148,1,2.80E-148,6.33E-147,6.12E-147,2.11E-145,7.58E-146,2.78E-144,5.32E-145,1.91E-143
Zm00001eb442380,4.07E-06,0.788040831,NA,NA,NA,NA,8.92E-07,0.00059825,NA,NA